userID,Names
0,Ada Grossman
1,Charlie Hayes
2,Timothy Mullins
3,Bruce Hyde
4,Kelli Gauthier
5,Michael Mcgee
6,Kim Remington
7,Irma Moon
8,John Beltran
9,Raymond Adami
10,Heather Roush
11,Jacqueline Felton
12,Donna Rhodes
13,Barbara Mitchel
14,Cinda Holeman
15,Benjamin Dunston
16,Thomas Miller
17,Joseph Ham
18,David Vella
19,Douglas Shepherd
20,Frank Hart
21,Ian Brown
22,Heidi Knecht
23,Peter Pollard
24,Thelma Vannest
25,Adam Bento
26,Mark Altamirano
27,Anna Townsend
28,Anthony Buck
29,Matthew Boon
30,Aaron White
31,Kristina Wince
32,Tyler Stuart
33,Lloyd Allan
34,Gloria Oneil
35,Dorothy Sandoval
36,Liz Townes
37,Michelle Favors
38,Edwina Hargis
39,William Knox
40,Jason Wallace
41,Larry Booher
42,Cody Geis
43,Monica Strickland
44,Nellie Winslow
45,Troy Wires
46,Tiffany Clark
47,Ignacio Carter
48,Rosaura Pace
49,Lenora Caver
